{
  "100^(1/2)": [
    [
      10,
      2,
      100,
      0.0,
      true
    ],
    [
      1663540033.8358152,
      2.7890307903289795,
      true
    ]
  ],
  "10^2": [
    [
      10,
      2,
      100,
      0.0,
      false
    ],
    [
      1663539946.5227308,
      3.2483267784118652,
      true
    ]
  ],
  "11^2": [
    [
      11,
      2,
      121,
      0.0,
      false
    ],
    [
      1663540027.1378627,
      2.6800057888031006,
      true
    ]
  ],
  "121^(1/2)": [
    [
      11,
      2,
      121,
      0.0,
      true
    ],
    [
      1663539989.2053838,
      2.4695522785186768,
      true
    ]
  ],
  "125^(1/3)": [
    [
      5,
      3,
      125,
      0.0,
      true
    ],
    [
      1663540023.3767502,
      3.1930735111236572,
      true
    ]
  ],
  "128^(1/7)": [
    [
      2,
      7,
      128,
      0.0,
      true
    ],
    [
      1663539992.8359678,
      5.513981819152832,
      true
    ]
  ],
  "12^2": [
    [
      12,
      2,
      144,
      0.0,
      false
    ],
    [
      1663540048.7537255,
      3.104971170425415,
      true
    ]
  ],
  "13^2": [
    [
      13,
      2,
      169,
      0.0,
      false
    ],
    [
      1663540030.2758162,
      2.994534492492676,
      true
    ]
  ],
  "144^(1/2)": [
    [
      12,
      2,
      144,
      0.0,
      true
    ],
    [
      1663540056.9628222,
      3.182931423187256,
      true
    ]
  ],
  "14^2": [
    [
      14,
      2,
      196,
      0.0,
      false
    ],
    [
      1663540011.8399193,
      10.208846807479858,
      true
    ]
  ],
  "15^2": [
    [
      15,
      2,
      225,
      0.0,
      false
    ],
    [
      1663540213.483352,
      5.430982351303101,
      true
    ]
  ],
  "169^(1/2)": [
    [
      13,
      2,
      169,
      0.0,
      true
    ],
    [
      1663540114.4046183,
      2.6289896965026855,
      true
    ]
  ],
  "16^(1/2)": [
    [
      4,
      2,
      16,
      0.0,
      true
    ],
    [
      1663539877.2702353,
      2.9630892276763916,
      true
    ]
  ],
  "16^(1/4)": [
    [
      2,
      4,
      16,
      0.0,
      true
    ],
    [
      1663539880.8354814,
      4.289891958236694,
      true
    ]
  ],
  "196^(1/2)": [
    [
      14,
      2,
      196,
      0.0,
      true
    ],
    [
      1663540037.195763,
      10.802942037582397,
      true
    ]
  ],
  "225^(1/2)": [
    [
      15,
      2,
      225,
      0.0,
      true
    ],
    [
      1663540052.5074606,
      3.62791109085083,
      true
    ]
  ],
  "243^(1/5)": [
    [
      3,
      5,
      243,
      0.0,
      true
    ],
    [
      1663540106.6886442,
      6.701969861984253,
      true
    ]
  ],
  "256^(1/2)": [
    [
      16,
      2,
      256,
      0.0,
      true
    ],
    [
      1663540124.9585903,
      27.40194606781006,
      false
    ],
    [
      1663540152.3605633,
      4.856926202774048,
      false
    ],
    [
      1663540157.2175143,
      5.930948257446289,
      true
    ],
    [
      1663540219.830045,
      16.054332733154297,
      true
    ]
  ],
  "256^(1/4)": [
    [
      4,
      4,
      256,
      0.0,
      true
    ],
    [
      1663540164.8682928,
      5.43614387512207,
      false
    ],
    [
      1663540170.3044658,
      9.629873514175415,
      false
    ],
    [
      1663540179.934367,
      26.222980976104736,
      true
    ]
  ],
  "25^(1/2)": [
    [
      5,
      2,
      25,
      0.0,
      true
    ],
    [
      1663539894.2711954,
      2.110788345336914,
      true
    ]
  ],
  "27^(1/3)": [
    [
      3,
      3,
      27,
      0.0,
      true
    ],
    [
      1663539955.4880679,
      2.974871873855591,
      true
    ]
  ],
  "2^2": [
    [
      2,
      2,
      4,
      0.0,
      false
    ],
    [
      1663539851.1463106,
      2.2101404666900635,
      true
    ]
  ],
  "2^3": [
    [
      2,
      3,
      8,
      0.0,
      false
    ],
    [
      1663539861.3382795,
      4.787538290023804,
      true
    ]
  ],
  "2^4": [
    [
      2,
      4,
      16,
      0.0,
      false
    ],
    [
      1663539866.6692884,
      5.941879749298096,
      true
    ]
  ],
  "2^5": [
    [
      2,
      5,
      32,
      0.0,
      false
    ],
    [
      1663539929.9900837,
      4.801493167877197,
      true
    ]
  ],
  "2^6": [
    [
      2,
      6,
      64,
      0.0,
      false
    ],
    [
      1663539939.0603948,
      6.764650821685791,
      true
    ]
  ],
  "2^7": [
    [
      2,
      7,
      128,
      0.0,
      false
    ],
    [
      1663539999.372458,
      4.055363416671753,
      true
    ]
  ],
  "2^8": [
    [
      2,
      8,
      256,
      0.0,
      false
    ],
    [
      1663540207.8693538,
      4.636981725692749,
      true
    ]
  ],
  "32^(1/5)": [
    [
      2,
      5,
      32,
      0.0,
      true
    ],
    [
      1663539905.1341743,
      3.6859850883483887,
      true
    ]
  ],
  "36^(1/2)": [
    [
      6,
      2,
      36,
      0.0,
      true
    ],
    [
      1663539900.6491663,
      3.257045030593872,
      true
    ]
  ],
  "3^2": [
    [
      3,
      2,
      9,
      0.0,
      false
    ],
    [
      1663539885.6592674,
      4.4439380168914795,
      true
    ]
  ],
  "3^3": [
    [
      3,
      3,
      27,
      0.0,
      false
    ],
    [
      1663539873.3972025,
      3.2165579795837402,
      true
    ]
  ],
  "3^4": [
    [
      3,
      4,
      81,
      0.0,
      false
    ],
    [
      1663539975.847005,
      12.68596601486206,
      true
    ]
  ],
  "3^5": [
    [
      3,
      5,
      243,
      0.0,
      false
    ],
    [
      1663540060.698722,
      25.824790716171265,
      false
    ],
    [
      1663540086.523541,
      8.757052898406982,
      true
    ],
    [
      1663540117.7550633,
      6.0634777545928955,
      true
    ]
  ],
  "49^(1/2)": [
    [
      7,
      2,
      49,
      0.0,
      true
    ],
    [
      1663539890.6600165,
      3.014719009399414,
      true
    ]
  ],
  "4^(1/2)": [
    [
      2,
      2,
      4,
      0.0,
      true
    ],
    [
      1663539840.0733452,
      4.356978178024292,
      true
    ]
  ],
  "4^2": [
    [
      4,
      2,
      16,
      0.0,
      false
    ],
    [
      1663539853.9042854,
      3.384992837905884,
      true
    ]
  ],
  "4^3": [
    [
      4,
      3,
      64,
      0.0,
      false
    ],
    [
      1663539959.1199503,
      6.016053915023804,
      true
    ]
  ],
  "4^4": [
    [
      4,
      4,
      256,
      0.0,
      false
    ],
    [
      1663540240.509308,
      4.496978998184204,
      true
    ]
  ],
  "5^2": [
    [
      5,
      2,
      25,
      0.0,
      false
    ],
    [
      1663539857.9623115,
      2.828998565673828,
      true
    ]
  ],
  "5^3": [
    [
      5,
      3,
      125,
      0.0,
      false
    ],
    [
      1663540007.1638007,
      4.076092004776001,
      true
    ]
  ],
  "64^(1/2)": [
    [
      8,
      2,
      64,
      0.0,
      true
    ],
    [
      1663539965.6656306,
      4.133341312408447,
      true
    ]
  ],
  "64^(1/3)": [
    [
      4,
      3,
      64,
      0.0,
      true
    ],
    [
      1663539909.3749964,
      5.419032573699951,
      true
    ]
  ],
  "64^(1/6)": [
    [
      2,
      6,
      64,
      0.0,
      true
    ],
    [
      1663539923.4421453,
      5.8949573040008545,
      true
    ]
  ],
  "6^2": [
    [
      6,
      2,
      36,
      0.0,
      false
    ],
    [
      1663539896.9346685,
      3.192509174346924,
      true
    ]
  ],
  "6^3": [
    [
      6,
      3,
      216,
      0.0,
      false
    ],
    [
      1663540099.6046777,
      6.417945146560669,
      true
    ]
  ],
  "7^2": [
    [
      7,
      2,
      49,
      0.0,
      false
    ],
    [
      1663539935.5480804,
      2.9100329875946045,
      true
    ]
  ],