{
  "2^2": [
    [
      2,
      2,
      4,
      0.0,
      false
    ],
    [
      4.216054916381836,
      true
    ],
    [
      1.9199070930480957,
      true
    ]
  ],
  "2^3": [
    [
      2,
      3,
      8,
      0.0,
      false
    ],
    [
      2.4638290405273438,
      true
    ],
    [
      1.9039909839630127,
      true
    ]
  ],
  "4^(1/2)": [
    [
      2,
      2,
      4,
      0.0,
      true
    ],
    [
      2.087980031967163,
      true
    ],
    [
      5.640004873275757,
      true
    ]
  ],
  "8^(1/3)": [
    [
      2,
      3,
      8,
      0.0,
      true
    ],
    [
      1.7919681072235107,
      true
    ],
    [
      5.311908960342407,
      true
    ]
  ],
  "askAgainDelayList": [],
  "askAgainQuickList": [],
  "askedItems": [
    [
      2,
      2,
      4
    ],
    [
      2,
      3,
      8
    ]
  ],
  "fullQuizList": [],
  "quizList": [
    []
  ]
}