{
  "2^2": [
    [
      2,
      2,
      4,
      0.0,
      false
    ],
    [
      1.7918190956115723,
      true
    ],
    [
      2.255784034729004,
      true
    ]
  ],
  "2^3": [
    [
      2,
      3,
      8,
      0.0,
      false
    ],
    [
      1.7919600009918213,
      true
    ],
    [
      9.591953992843628,
      true
    ]
  ],
  "4^(1/2)": [
    [
      2,
      2,
      4,
      0.0,
      true
    ],
    [
      2.423612117767334,
      true
    ],
    [
      1.3761029243469238,
      true
    ]
  ],
  "8^(1/3)": [
    [
      2,
      3,
      8,
      0.0,
      true
    ],
    [
      1.215813159942627,
      true
    ],
    [
      1.6958520412445068,
      true
    ]
  ],
  "askAgainDelayList": [],
  "askAgainQuickList": [],
  "askedItems": [
    [
      2,
      2,
      4
    ],
    [
      2,
      3,
      8
    ]
  ],
  "fullQuizList": [],
  "quizList": []
}