{
  "2^2": [
    [
      2,
      2,
      4,
      0.0,
      false
    ],
    [
      1475200179.737636,
      5.072008848190308,
      true
    ],
    [
      1475200213.169641,
      5.064053058624268,
      true
    ]
  ],
  "2^3": [
    [
      2,
      3,
      8,
      0.0,
      false
    ],
    [
      1475200114.929852,
      4.263849973678589,
      true
    ],
    [
      1475200206.033645,
      4.056024074554443,
      true
    ]
  ],
  "4^(1/2)": [
    [
      2,
      2,
      4,
      0.0,
      true
    ],
    [
      1475200172.44182,
      5.927854061126709,
      true
    ],
    [
      1475200192.850202,
      3.3514769077301025,
      true
    ]
  ],
  "8^(1/3)": [
    [
      2,
      3,
      8,
      0.0,
      true
    ],
    [
      1475200121.105659,
      4.080000877380371,
      true
    ],
    [
      1475200198.521642,
      3.712125062942505,
      true
    ]
  ],
  "askAgainDelayList": [],
  "askAgainQuickList": [],
  "askedItems": [
    [
      2,
      2,
      4
    ],
    [
      2,
      3,
      8
    ]
  ],
  "fullQuizList": [],
  "quizList": []
}